	0
197790	True
198194	True
276580	True
206494	True
180206	True
192971	True
1113282	True
269401	True
193453	True
390896	True
258522	True
194187	True
827195	True
262101	True
194048	True
268581	True
729559	True
263980	True
332168	True
376516	True
262809	True
2286580	True
1111512	True
264240	True
347933	True
2334610	True
48899	True
189611	True
838200	True
342962	True
1111350	True
180564	True
274317	True
179265	True
260529	True
181249	True
322870	True
272060	True
181166	True
265786	True
322525	True
421893	True
172705	True
276190	True
274546	True
349874	True
264093	True
174422	True
263607	True
350741	True
311174	True
343130	True
344108	True
307608	True
268063	True
373939	True
276740	True
4480557	True
180362	True
175598	True
309302	True
262807	True
269828	True
180110	True
161993	True
2901239	True
335966	True
194656	True
4405128	True
260989	True
260454	True
3265889	True
184584	True
234269	True
334619	True
191958	True
134762	True
271449	True
4365109	True
180944	True
262104	True
193678	True
260859	True
178568	True
264787	True
182893	True
263044	True
162539	True
184381	True
196825	True
262326	True
262329	True
209990	True
259511	True
337336	True
1109559	True
181331	True
4459184	True
260670	True
132165	True
354957	True
229683	True
342105	True
437137	True
204088	True
305803	True
267298	True
176410	True
21195	True
195476	True
178026	True
586453	True
274018	True
184695	True
186760	True
191199	True
183106	True
228374	True
337609	True
355097	True
259345	True
193859	True
170561	True
157791	True
827522	True
182632	True
182061	True
187535	True
190483	True
4345268	True
1110135	True
267689	True
197453	True
154859	True
177269	True
351309	True
272338	True
184259	True
170248	True
276141	True
187281	True
328139	True
180408	True
262633	True
179907	True
199307	True
269141	True
265641	True
193827	True
266621	True
195337	True
351859	True
205985	True
179181	True
1845355	True
835456	True
179188	True
313878	True
2806353	True
259884	True
197600	True
185036	True
318162	True
190659	True
130335	True
455671	True
333053	True
1992	True
4464113	True
160140	True
175267	True
181683	True
330024	True
271406	True
167204	True
210950	True
194822	True
272905	True
341252	True
268933	True
260828	True
4481359	True
261551	True
3584772	True
276434	True
178926	True
272192	True
2808643	True
273504	True
304047	True
340650	True
231021	True
270908	True
107398	True
259086	True
188355	True
265912	True
261414	True
640999	True
190242	True
609589	True
244484	True
196194	True
269035	True
178358	True
205160	True
308224	True
4355436	True
182836	True
273476	True
376862	True
334292	True
337407	True
263106	True
191558	True
273376	True
227788	True
4480176	True
133843	True
344527	True
795773	True
179853	True
331062	True
188862	True
194172	True
314110	True
1109454	True
131024	True
275339	True
398255	True
327017	True
172640	True
349783	True
332303	True
273385	True
270491	True
353593	True
263705	True
260781	True
287879	True
263179	True
185777	True
191098	True
4440624	True
4460604	True
191318	True
260364	True
359984	True
190273	True
191077	True
165046	True
180092	True
333471	True
270081	True
196305	True
436341	True
176039	True
177427	True
260233	True
355187	True
343906	True
269103	True
238487	True
351794	True
306914	True
245324	True
190479	True
334870	True
192504	True
305853	True
178779	True
204111	True
3016478	True
328905	True
3529330	True
209361	True
271572	True
196733	True
353032	True
3231096	True
193444	True
309960	True
231169	True
273091	True
259335	True
263992	True
337580	True
356353	True
264316	True
175458	True
172339	True
193288	True
4319005	True
182016	True
194944	True
342404	True
187319	True
188920	True
188889	True
274958	True
291950	True
189362	True
193084	True
263451	True
831301	True
265958	True
264424	True
326644	True
198339	True
339695	True
346870	True
265793	True
187703	True
191816	True
189406	True
334751	True
198045	True
164788	True
163862	True
227967	True
319909	True
331878	True
341343	True
303414	True
181719	True
272953	True
138338	True
269992	True
269775	True
264225	True
4480555	True
175215	True
182081	True
164237	True
730939	True
178817	True
559149	True
172464	True
2901246	True
826382	True
4407190	True
178959	True
193103	True
183839	True
275136	True
261563	True
179810	True
316731	True
305880	True
271759	True
312440	True
828435	True
206367	True
353711	True
175077	True
191887	True
339622	True
199041	True
196697	True
174071	True
4426641	True
4414242	True
259056	True
175998	True
178558	True
189843	True
174276	True
167509	True
178659	True
4471526	True
337572	True
230725	True
2368865	True
259504	True
343630	True
188999	True
356590	True
342887	True
190676	True
328212	True
336214	True
196349	True
170328	True
550807	True
210665	True
132041	True
162025	True
350664	True
509709	True
453405	True
330417	True
263415	True
316842	True
188548	True
339718	True
203970	True
174417	True
313130	True
178287	True
199414	True
337784	True
258280	True
182621	True
189147	True
174959	True
418501	True
330772	True
4455677	True
4484382	True
179547	True
269156	True
2883968	True
185873	True
206456	True
350381	True
264301	True
4303423	True
322062	True
274674	True
189279	True
619817	True
318370	True
825939	True
232257	True
228730	True
214471	True
216902	True
268755	True
263396	True
1510067	True
347490	True
198371	True
269803	True
779847	True
209408	True
174824	True
208409	True
317399	True
312145	True
262166	True
259711	True
180879	True
189327	True
233691	True
743693	True
175529	True
185127	True
185126	True
170555	True
261511	True
202419	True
211820	True
195154	True
4462541	True
170950	True
277299	True
192752	True
340642	True
275563	True
352624	True
179063	True
228140	True
531052	True
187235	True
259120	True
262173	True
264373	True
348313	True
259251	True
261492	True
333564	True
176850	True
3172945	True
3172943	True
329830	True
336817	True
272812	True
259580	True
262927	True
339720	True
199181	True
194043	True
175939	True
186872	True
176139	True
279115	True
196386	True
321952	True
264489	True
174754	True
181419	True
210056	True
182576	True
311859	True
233817	True
191089	True
348559	True
261908	True
268865	True
259530	True
350188	True
188607	True
193807	True
274148	True
229452	True
229455	True
260756	True
260205	True
260207	True
260752	True
177802	True
2897325	True
305143	True
336145	True
290963	True
4449984	True
213671	True
173916	True
261336	True
354501	True
2797565	True
333079	True
303491	True
182758	True
4432234	True
345635	True
168145	True
827376	True
113278	True
539688	True
261209	True
184470	True
296187	True
266694	True
178735	True
351449	True
181368	True
683621	True
174590	True
312476	True
273388	True
351447	True
182361	True
176486	True
176063	True
259846	True
206817	True
3392847	True
194478	True
180466	True
1107799	True
190219	True
179719	True
276260	True
264940	True
4424327	True
839137	True
3392842	True
274569	True
4389435	True
345063	True
259495	True
270984	True
797021	True
262409	True
277120	True
303479	True
342429	True
210383	True
1802717	True
175365	True
187359	True
263620	True
185754	True
195711	True
205134	True
278098	True
176472	True
276761	True
136783	True
263390	True
192906	True
331013	True
628218	True
4366525	True
97294	True
195433	True
348659	True
182537	True
331782	True
258747	True
261574	True
275366	True
259266	True
250270	True
259263	True
191878	True
290548	True
312325	True
832558	True
165241	True
227886	True
174791	True
175706	True
269019	True
260653	True
270782	True
260655	True
416341	True
297580	True
270030	True
439437	True
4311535	True
199391	True
191387	True
197139	True
177846	True
194628	True
331491	True
210554	True
229386	True
204144	True
356055	True
177308	True
217186	True
193723	True
267041	True
183100	True
332454	True
1107755	True
258812	True
190254	True
349142	True
1517779	True
320169	True
4334618	True
208571	True
259564	True
268720	True
334365	True
260397	True
192878	True
265708	True
350404	True
336276	True
266720	True
4299126	True
318819	True
266726	True
577082	True
263546	True
274844	True
176444	True
228043	True
322585	True
210908	True
198363	True
271490	True
288931	True
346098	True
267847	True
337727	True
4338733	True
269777	True
188741	True
4403349	True
314810	True
268596	True
174727	True
186122	True
175125	True
263873	True
262960	True
258641	True
182033	True
799034	True
180105	True
199567	True
275743	True
195005	True
275627	True
187233	True
198701	True
343853	True
186024	True
260532	True
269902	True
260927	True
321019	True
276985	True
261142	True
3750373	True
262556	True
2978254	True
274438	True
189346	True
2645488	True
258283	True
1110378	True
863682	True
185743	True
2645483	True
263908	True
269058	True
188402	True
262399	True
4390755	True
4390754	True
4397402	True
51677	True
269056	True
192832	True
191579	True
328276	True
427241	True
258725	True
351881	True
320490	True
181473	True
192930	True
331043	True
194662	True
191772	True
233587	True
270662	True
272788	True
187790	True
174056	True
341750	True
196533	True
276110	True
180972	True
288109	True
196085	True
183390	True
262935	True
264795	True
2897332	True
4397901	True
307445	True
270519	True
183477	True
305177	True
187989	True
171617	True
259910	True
259911	True
190425	True
183478	True
4449524	True
268978	True
290338	True
178490	True
258368	True
299261	True
334328	True
185923	True
167034	True
185222	True
162991	True
173923	True
329712	True
259820	True
340189	True
4453627	True
174573	True
3694603	True
186555	True
180671	True
1571092	True
274274	True
267452	True
259293	True
173986	True
1844565	True
162639	True
332132	True
175573	True
258455	True
175575	True
259593	True
193463	True
2963421	True
182079	True
1678333	True
258250	True
269378	True
192204	True
266587	True
343420	True
192209	True
273232	True
320844	True
199445	True
204003	True
321331	True
646499	True
177473	True
258423	True
192701	True
276312	True
233991	True
181237	True
276701	True
259771	True
318395	True
266546	True
196746	True
359175	True
271500	True
190649	True
815828	True
337673	True
196138	True
181733	True
4393892	True
175377	True
355822	True
355468	True
4476330	True
148722	True
271185	True
175432	True
303652	True
346291	True
308117	True
183211	True
183812	True
311564	True
4435934	True
179427	True
293580	True
187807	True
176455	True
322839	True
183958	True
261467	True
216155	True
325541	True
230268	True
266247	True
274509	True
271439	True
259271	True
197765	True
182420	True
189879	True
307640	True
177533	True
269006	True
175658	True
266192	True
183362	True
325126	True
185328	True
183431	True
199137	True
304604	True
273586	True
330921	True
191398	True
194145	True
176118	True
174432	True
4460560	True
833390	True
213896	True
4402077	True
180731	True
204171	True
191811	True
365256	True
307416	True
169901	True
273902	True
182995	True
263165	True
288075	True
270707	True
275974	True
195691	True
1684221	True
290235	True
310499	True
697874	True
258559	True
273648	True
265563	True
321484	True
341223	True
835928	True
258550	True
190061	True
170335	True
260387	True
4327881	True
265280	True
197216	True
177822	True
190460	True
199273	True
267789	True
186526	True
258899	True
236225	True
260410	True
266860	True
174320	True
